metric_month,region,segment,renewal_window,accounts_due,arr_due_usd,avg_utilization_pct,avg_feature_adoption_pct,avg_csat_score,avg_support_tickets,intervention_accounts
2024-01,APAC,commercial,181+ days,2,134550.0,0.5875,0.7248,67.19,6.5,2
2024-01,Africa,commercial,181+ days,1,74065.0,0.4688,0.6778,77.09,6.0,0
2024-01,Europe,mid-market,181+ days,3,588671.0,0.6475,0.4043,69.47,9.33,3
2024-01,LATAM,enterprise,181+ days,4,2744935.0,0.6915,0.6108,77.1,6.5,3
2024-01,North America,enterprise,181+ days,2,1496138.0,0.6109,0.8018,82.93,4.0,1
2024-02,APAC,commercial,181+ days,3,163368.05,0.7175,0.6259,74.82,6.33,2
2024-02,Africa,commercial,181+ days,5,235308.75,0.6161,0.6125,75.1,6.2,5
2024-02,Europe,mid-market,181+ days,4,784680.46,0.5449,0.613,81.91,2.25,1
2024-02,LATAM,enterprise,181+ days,7,3951629.44,0.6841,0.4945,71.3,6.71,6
2024-02,Middle East,mid-market,181+ days,3,280897.0,0.7126,0.7268,87.58,2.67,0
2024-02,North America,enterprise,181+ days,5,3158656.35,0.6318,0.5206,76.85,6.8,4
2024-03,APAC,commercial,181+ days,6,327557.65,0.572,0.5963,71.26,6.0,5
2024-03,Africa,commercial,181+ days,7,350726.83,0.7123,0.6061,75.61,4.29,2
2024-03,Europe,mid-market,181+ days,11,1851411.25,0.6157,0.6131,74.48,5.0,6
2024-03,LATAM,enterprise,181+ days,10,6104496.42,0.7477,0.5877,76.79,5.8,6
2024-03,Middle East,mid-market,181+ days,5,686346.3,0.4864,0.6478,76.79,3.8,3
2024-03,North America,enterprise,181+ days,8,4851789.87,0.596,0.6188,72.98,3.38,6
2024-04,APAC,commercial,181+ days,11,676784.76,0.5371,0.6026,77.55,4.91,7
2024-04,Africa,commercial,181+ days,11,599554.98,0.6202,0.5853,76.5,5.09,8
2024-04,Europe,mid-market,181+ days,13,2302383.4,0.6589,0.5762,81.08,5.31,6
2024-04,LATAM,enterprise,181+ days,12,7033709.76,0.6129,0.5748,79.23,6.42,8
2024-04,Middle East,mid-market,181+ days,7,960954.08,0.6638,0.6317,74.67,3.29,5
2024-04,North America,enterprise,181+ days,10,5865886.87,0.653,0.6061,76.96,3.3,4
2024-05,APAC,commercial,181+ days,15,971023.12,0.6462,0.6148,76.67,3.87,7
2024-05,Africa,commercial,181+ days,19,1017722.62,0.6204,0.6931,76.08,4.58,11
2024-05,Europe,mid-market,181+ days,16,2802503.16,0.6199,0.5536,77.7,5.31,11
2024-05,LATAM,enterprise,181+ days,16,8783443.63,0.5884,0.5948,76.31,4.56,9
2024-05,Middle East,mid-market,181+ days,13,1924424.75,0.6087,0.5707,79.25,6.15,7
2024-05,North America,enterprise,181+ days,13,7459085.54,0.5892,0.7058,77.84,4.31,7
2024-06,APAC,commercial,181+ days,17,1104599.43,0.6201,0.5674,76.11,5.59,12
2024-06,Africa,commercial,181+ days,22,1241059.97,0.6728,0.5873,77.92,5.5,13
2024-06,Europe,mid-market,181+ days,19,3426690.62,0.6649,0.6435,77.32,4.89,13
2024-06,LATAM,enterprise,181+ days,22,11436114.56,0.6429,0.6822,76.54,5.09,11
2024-06,Middle East,mid-market,181+ days,15,2199603.99,0.7103,0.6224,73.09,4.6,11
2024-06,North America,enterprise,181+ days,14,8170250.89,0.5786,0.6141,73.8,6.21,11
2024-07,APAC,commercial,181+ days,18,1196142.68,0.6341,0.5851,77.51,3.94,10
2024-07,Africa,commercial,181+ days,26,1498147.34,0.6423,0.6024,77.26,6.58,16
2024-07,Europe,mid-market,181+ days,21,3806749.17,0.6165,0.6011,76.58,5.1,15
2024-07,LATAM,enterprise,181+ days,25,12886653.0,0.6421,0.5666,77.81,5.64,15
2024-07,Middle East,mid-market,181+ days,19,2763876.4,0.6362,0.5515,78.86,5.53,8
2024-07,North America,enterprise,181+ days,14,8353955.02,0.6039,0.5403,72.43,6.86,12
2024-08,APAC,commercial,181+ days,18,1152021.61,0.5815,0.5206,78.29,4.78,14
2024-08,APAC,commercial,91-180 days,2,164109.27,0.6613,0.5047,77.85,2.0,0
2024-08,Africa,commercial,181+ days,29,1627835.51,0.626,0.5625,75.09,5.0,19
2024-08,Africa,commercial,91-180 days,1,69219.44,0.7778,0.5167,68.18,9.0,1
2024-08,Europe,mid-market,181+ days,24,4100197.38,0.6148,0.5945,73.36,5.5,19
2024-08,Europe,mid-market,91-180 days,3,783186.84,0.3888,0.6316,74.78,5.0,2
2024-08,LATAM,enterprise,181+ days,25,12416455.97,0.6441,0.5625,74.55,5.64,18
2024-08,LATAM,enterprise,91-180 days,4,3130667.71,0.6687,0.5639,77.11,6.0,3
2024-08,Middle East,mid-market,181+ days,24,3582822.09,0.6145,0.6258,76.81,4.25,11
2024-08,North America,enterprise,181+ days,17,9081457.8,0.6915,0.5419,76.7,6.12,13
2024-08,North America,enterprise,91-180 days,2,1978640.31,0.6446,0.5533,81.63,4.5,1
2024-09,APAC,commercial,181+ days,23,1468659.19,0.6574,0.6055,73.47,6.04,18
2024-09,APAC,commercial,91-180 days,3,196476.25,0.4385,0.6816,75.69,6.67,2
2024-09,Africa,commercial,181+ days,30,1751910.74,0.6237,0.581,75.69,3.67,21
2024-09,Africa,commercial,91-180 days,3,171965.08,0.7873,0.642,80.17,6.67,1
2024-09,Europe,mid-market,181+ days,27,4685152.61,0.6284,0.613,78.26,4.44,12
2024-09,Europe,mid-market,91-180 days,4,969701.35,0.4935,0.6033,80.26,4.5,3
2024-09,LATAM,enterprise,181+ days,26,13353210.06,0.6644,0.5802,77.22,5.04,15
2024-09,LATAM,enterprise,91-180 days,7,4468351.56,0.723,0.7375,76.19,5.29,2
2024-09,Middle East,mid-market,181+ days,24,3698396.0,0.635,0.6033,75.96,5.13,15
2024-09,Middle East,mid-market,91-180 days,3,324251.22,0.5163,0.6675,78.35,2.0,2
2024-09,North America,enterprise,181+ days,22,11607811.36,0.6542,0.5577,75.61,5.27,14
2024-09,North America,enterprise,91-180 days,5,4182544.41,0.6034,0.4598,71.43,6.8,5
2024-10,APAC,commercial,181+ days,23,1449797.04,0.6732,0.5521,74.76,6.09,18
2024-10,APAC,commercial,91-180 days,6,397785.09,0.6429,0.6704,77.42,5.33,2
2024-10,Africa,commercial,181+ days,30,1764478.67,0.6452,0.5298,76.26,4.93,18
2024-10,Africa,commercial,91-180 days,5,319547.83,0.6585,0.6051,73.59,6.2,2
2024-10,Europe,mid-market,181+ days,23,3990806.49,0.6594,0.5827,76.11,5.0,16
2024-10,Europe,mid-market,91-180 days,10,2143779.05,0.6549,0.6179,70.2,6.1,9
2024-10,LATAM,enterprise,181+ days,30,14601088.26,0.6101,0.5542,75.38,5.1,22
2024-10,LATAM,enterprise,91-180 days,9,6186160.6,0.5891,0.6136,78.09,3.56,5
2024-10,Middle East,mid-market,181+ days,29,4412715.52,0.6763,0.5745,77.63,5.14,19
2024-10,Middle East,mid-market,91-180 days,4,560120.37,0.508,0.5668,79.38,5.0,2
2024-10,North America,enterprise,181+ days,22,11308316.58,0.6396,0.5941,76.25,4.95,13
2024-10,North America,enterprise,91-180 days,8,6069836.27,0.5573,0.6052,81.74,4.0,4
2024-11,APAC,commercial,181+ days,22,1248915.82,0.6328,0.6626,75.92,4.55,14
2024-11,APAC,commercial,61-90 days,2,188432.09,0.6666,0.6168,73.63,5.5,1
2024-11,APAC,commercial,91-180 days,9,637301.68,0.7049,0.627,74.91,4.22,6
2024-11,Africa,commercial,181+ days,28,1605475.91,0.5959,0.6265,77.04,5.29,19
2024-11,Africa,commercial,61-90 days,1,75589.98,0.6154,0.6743,91.09,2.0,0
2024-11,Africa,commercial,91-180 days,8,545222.07,0.6334,0.5513,79.11,4.88,3
2024-11,Europe,mid-market,181+ days,23,3948358.43,0.5872,0.6099,79.19,6.09,12
2024-11,Europe,mid-market,61-90 days,3,866512.9,0.6173,0.5984,65.75,3.33,3
2024-11,Europe,mid-market,91-180 days,8,1770333.35,0.6417,0.6231,75.32,4.38,5
2024-11,LATAM,enterprise,181+ days,32,16383184.05,0.6634,0.6302,76.79,4.94,21
2024-11,LATAM,enterprise,61-90 days,4,3336819.1,0.6262,0.7085,74.78,5.25,2
2024-11,LATAM,enterprise,91-180 days,6,3336136.03,0.6674,0.4996,75.58,4.17,5
2024-11,Middle East,mid-market,181+ days,29,4553124.7,0.64,0.5631,76.5,5.1,16
2024-11,Middle East,mid-market,91-180 days,6,827484.08,0.5916,0.6541,70.51,6.67,6
2024-11,North America,enterprise,181+ days,24,11825495.95,0.6725,0.578,78.19,4.33,15
2024-11,North America,enterprise,61-90 days,2,2312762.98,0.7197,0.6305,75.7,7.5,1
2024-11,North America,enterprise,91-180 days,8,5210000.54,0.555,0.6724,77.22,4.38,5
2024-12,APAC,commercial,181+ days,19,912119.24,0.6537,0.5793,76.97,5.26,10
2024-12,APAC,commercial,31-60 days,2,201504.95,0.5345,0.587,84.98,3.0,0
2024-12,APAC,commercial,61-90 days,1,27524.0,0.8889,0.6149,77.99,2.0,0
2024-12,APAC,commercial,91-180 days,12,1012180.67,0.608,0.6085,82.2,4.5,8
2024-12,Africa,commercial,181+ days,24,1279624.93,0.6459,0.6222,73.18,5.83,17
2024-12,Africa,commercial,31-60 days,1,78679.86,0.4444,0.3501,67.83,12.0,1
2024-12,Africa,commercial,61-90 days,2,105530.89,0.3862,0.5999,73.59,7.0,2
2024-12,Africa,commercial,91-180 days,14,948777.43,0.6665,0.6152,79.75,4.0,7
2024-12,Europe,mid-market,181+ days,23,4074384.16,0.6995,0.64,75.65,4.17,12
2024-12,Europe,mid-market,31-60 days,3,893232.85,0.6164,0.6331,77.67,3.0,1
2024-12,Europe,mid-market,61-90 days,1,145941.31,0.5161,0.6211,75.18,9.0,1
2024-12,Europe,mid-market,91-180 days,10,2115039.78,0.6737,0.664,75.43,5.8,5
2024-12,LATAM,enterprise,181+ days,29,15733491.28,0.6586,0.6092,75.21,5.21,15
2024-12,LATAM,enterprise,31-60 days,4,3421235.21,0.7114,0.5849,80.38,7.25,2
2024-12,LATAM,enterprise,61-90 days,3,1365624.34,0.5701,0.7304,81.53,2.33,1
2024-12,LATAM,enterprise,91-180 days,7,3960891.1,0.6599,0.5939,75.37,5.43,3
2024-12,Middle East,mid-market,181+ days,26,4154535.66,0.6583,0.6367,76.1,5.77,15
2024-12,Middle East,mid-market,61-90 days,3,347728.0,0.4403,0.5809,80.42,2.67,2
2024-12,Middle East,mid-market,91-180 days,8,1464845.96,0.6701,0.6115,78.0,3.88,4
2024-12,North America,enterprise,181+ days,22,11199348.91,0.6636,0.5887,72.57,5.86,19
2024-12,North America,enterprise,31-60 days,2,2370402.58,0.6155,0.5305,82.67,3.0,1
2024-12,North America,enterprise,61-90 days,3,2429155.32,0.5224,0.5937,70.53,8.0,3
2024-12,North America,enterprise,91-180 days,7,3917011.98,0.5138,0.5868,76.3,4.86,6
2025-01,APAC,commercial,181+ days,22,1181594.28,0.6047,0.6361,79.23,4.86,17
2025-01,APAC,commercial,31-60 days,1,28011.49,0.84,0.6015,66.42,2.0,1
2025-01,APAC,commercial,61-90 days,3,219367.46,0.5568,0.5582,73.3,5.33,2
2025-01,APAC,commercial,91-180 days,11,934849.82,0.6257,0.5116,77.18,7.0,8
2025-01,Africa,commercial,181+ days,22,1196670.71,0.6034,0.6549,75.16,3.86,13
2025-01,Africa,commercial,31-60 days,2,103840.19,0.6424,0.5573,80.69,6.5,2
2025-01,Africa,commercial,61-90 days,2,156869.2,0.5974,0.3985,74.94,7.5,2
2025-01,Africa,commercial,91-180 days,15,1030643.23,0.6667,0.657,76.59,5.33,11
2025-01,Europe,mid-market,181+ days,26,4953217.4,0.6658,0.5909,74.18,3.85,19
2025-01,Europe,mid-market,31-60 days,1,140453.1,0.7619,0.6423,70.44,10.0,1
2025-01,Europe,mid-market,61-90 days,5,1200575.48,0.6606,0.5827,76.98,6.6,4
2025-01,Europe,mid-market,91-180 days,7,1391193.97,0.6419,0.5376,80.33,4.43,4
2025-01,LATAM,enterprise,181+ days,28,17285489.21,0.6401,0.6153,75.52,5.39,20
2025-01,LATAM,enterprise,31-60 days,3,1339967.24,0.6212,0.5431,85.08,4.0,1
2025-01,LATAM,enterprise,61-90 days,2,1815550.29,0.6774,0.7297,75.48,2.5,1
2025-01,LATAM,enterprise,91-180 days,11,4915081.79,0.5853,0.6417,78.97,4.09,7
2025-01,Middle East,mid-market,181+ days,28,4825499.14,0.6133,0.5881,77.37,5.04,18
2025-01,Middle East,mid-market,31-60 days,3,362358.19,0.7029,0.8284,75.52,2.33,1
2025-01,Middle East,mid-market,61-90 days,1,237866.83,0.9146,0.3033,68.97,10.0,1
2025-01,Middle East,mid-market,91-180 days,9,1573238.78,0.7676,0.6054,75.44,6.78,6
2025-01,North America,enterprise,181+ days,29,16411435.63,0.6283,0.5952,75.75,4.55,22
2025-01,North America,enterprise,31-60 days,3,2545241.75,0.6286,0.7047,71.92,4.33,2
2025-01,North America,enterprise,61-90 days,3,1960694.74,0.676,0.3072,72.05,8.0,3
2025-01,North America,enterprise,91-180 days,5,2486154.94,0.7004,0.6058,72.8,3.4,3
2025-02,APAC,commercial,181+ days,26,1328611.23,0.6081,0.6483,76.45,4.42,20
2025-02,APAC,commercial,31-60 days,3,224291.05,0.6842,0.7011,81.28,4.67,1
2025-02,APAC,commercial,61-90 days,5,476089.35,0.5946,0.6561,71.2,2.2,4
2025-02,APAC,commercial,91-180 days,6,491656.74,0.5514,0.6649,73.53,3.33,6
2025-02,Africa,commercial,181+ days,23,1296128.54,0.6101,0.6059,77.64,5.26,14
2025-02,Africa,commercial,31-60 days,2,160973.11,0.6503,0.5481,81.59,7.5,1
2025-02,Africa,commercial,61-90 days,4,318876.7,0.5734,0.6048,75.88,4.75,3
2025-02,Africa,commercial,91-180 days,15,1011686.35,0.6228,0.5988,76.73,4.33,8
2025-02,Europe,mid-market,181+ days,29,5324035.31,0.6366,0.6254,74.76,5.86,20
2025-02,Europe,mid-market,31-60 days,5,1277228.24,0.7089,0.5679,81.34,5.2,2
2025-02,Europe,mid-market,61-90 days,1,185394.31,0.74,0.9117,92.47,0.0,0
2025-02,Europe,mid-market,91-180 days,8,1581621.01,0.6055,0.7551,80.33,4.38,3
2025-02,LATAM,enterprise,181+ days,32,19548105.41,0.642,0.5806,76.28,5.97,23
2025-02,LATAM,enterprise,31-60 days,2,1890313.09,0.7006,0.397,73.15,7.5,1
2025-02,LATAM,enterprise,61-90 days,1,359204.61,0.6071,0.7545,73.59,4.0,0
2025-02,LATAM,enterprise,91-180 days,12,5727593.2,0.6203,0.5571,77.1,6.08,9
2025-02,Middle East,mid-market,181+ days,31,5190386.71,0.7021,0.6187,76.07,4.81,17
2025-02,Middle East,mid-market,31-60 days,1,241702.35,0.4725,0.5724,63.72,7.0,1
2025-02,Middle East,mid-market,61-90 days,2,258759.58,0.4084,0.5474,79.47,5.0,2
2025-02,Middle East,mid-market,91-180 days,10,1892531.12,0.6715,0.5157,77.55,5.9,5
2025-02,North America,enterprise,181+ days,35,21301525.34,0.6462,0.5553,74.27,5.4,24
2025-02,North America,enterprise,31-60 days,3,1995113.23,0.7213,0.6871,82.07,2.0,0
2025-02,North America,enterprise,61-90 days,2,1173752.53,0.6949,0.6471,75.48,5.5,2
2025-02,North America,enterprise,91-180 days,3,1325416.91,0.6837,0.4852,68.44,5.33,3
2025-03,APAC,commercial,181+ days,36,1975769.08,0.645,0.5923,79.16,4.92,20
2025-03,APAC,commercial,31-60 days,5,489198.7,0.6066,0.5306,76.84,5.4,3
2025-03,APAC,commercial,61-90 days,4,409548.75,0.7231,0.604,75.07,4.0,2
2025-03,APAC,commercial,91-180 days,2,107441.01,0.3946,0.4104,80.58,7.0,2
2025-03,Africa,commercial,181+ days,23,1369687.21,0.6523,0.6272,74.06,5.39,15
2025-03,Africa,commercial,31-60 days,4,343327.84,0.5585,0.5673,77.56,5.0,2
2025-03,Africa,commercial,61-90 days,8,548658.68,0.6946,0.6472,79.11,3.5,5
2025-03,Africa,commercial,91-180 days,11,733803.17,0.6598,0.6628,71.61,5.91,7
2025-03,Europe,mid-market,181+ days,32,6148108.59,0.6743,0.5518,74.03,6.03,20
2025-03,Europe,mid-market,31-60 days,1,178599.36,0.8,0.8708,77.52,1.0,0
2025-03,Europe,mid-market,61-90 days,3,461280.31,0.6525,0.5732,79.95,6.33,2
2025-03,Europe,mid-market,91-180 days,11,2292638.78,0.6506,0.6124,77.77,6.09,7
2025-03,LATAM,enterprise,181+ days,31,19448173.84,0.5936,0.562,76.4,5.32,22
2025-03,LATAM,enterprise,31-60 days,1,357189.97,0.7597,0.67,89.67,4.0,0
2025-03,LATAM,enterprise,61-90 days,4,2065098.32,0.8018,0.4856,74.42,5.5,3
2025-03,LATAM,enterprise,91-180 days,13,7072788.9,0.5801,0.6364,76.56,3.62,8
2025-03,Middle East,mid-market,181+ days,33,5452474.74,0.6537,0.5657,74.31,6.39,23
2025-03,Middle East,mid-market,31-60 days,2,258011.02,0.829,0.8585,79.31,5.0,0
2025-03,Middle East,mid-market,61-90 days,4,916886.48,0.5855,0.5494,80.5,6.25,1
2025-03,Middle East,mid-market,91-180 days,11,2117944.21,0.6873,0.6681,80.63,3.45,4
2025-03,North America,enterprise,181+ days,37,22488184.73,0.635,0.571,75.57,4.68,22
2025-03,North America,enterprise,31-60 days,2,1202867.25,0.7331,0.5841,83.37,5.5,1
2025-03,North America,enterprise,61-90 days,2,934119.51,0.6336,0.5274,80.25,3.5,1
2025-03,North America,enterprise,91-180 days,6,3538168.1,0.5624,0.433,77.01,7.0,4
2025-04,APAC,commercial,181+ days,39,2440823.98,0.6326,0.5978,75.15,3.95,27
2025-04,APAC,commercial,31-60 days,4,442985.91,0.5914,0.6102,78.73,3.5,3
2025-04,APAC,commercial,61-90 days,2,105382.95,0.8964,0.8057,74.7,6.0,1
2025-04,APAC,commercial,91-180 days,6,360088.86,0.6462,0.6889,74.03,4.5,3
2025-04,Africa,commercial,181+ days,25,1605127.4,0.6172,0.6434,78.23,5.24,15
2025-04,Africa,commercial,31-60 days,8,564317.26,0.6113,0.6383,80.93,3.75,5
2025-04,Africa,commercial,61-90 days,3,218418.18,0.7996,0.7289,77.05,3.67,0
2025-04,Africa,commercial,91-180 days,12,835230.6,0.6329,0.5506,72.29,6.42,9
2025-04,Europe,mid-market,181+ days,34,6593073.76,0.6631,0.5849,76.26,4.53,20
2025-04,Europe,mid-market,31-60 days,3,451714.92,0.6732,0.6153,73.08,5.0,2
2025-04,Europe,mid-market,61-90 days,2,410539.97,0.7193,0.3852,74.72,9.0,1
2025-04,Europe,mid-market,91-180 days,12,2291105.24,0.6647,0.5686,73.86,6.25,9
2025-04,LATAM,enterprise,181+ days,30,19567967.58,0.6271,0.6086,77.62,4.33,18
2025-04,LATAM,enterprise,31-60 days,4,2099422.95,0.5447,0.6146,77.05,5.5,3
2025-04,LATAM,enterprise,61-90 days,6,2730953.22,0.642,0.6526,76.88,3.83,2
2025-04,LATAM,enterprise,91-180 days,11,6272036.67,0.6254,0.672,77.49,4.36,6
2025-04,Middle East,mid-market,181+ days,33,5603922.23,0.5824,0.601,75.69,5.27,22
2025-04,Middle East,mid-market,31-60 days,4,955739.89,0.6861,0.6838,70.24,3.5,3
2025-04,Middle East,mid-market,61-90 days,2,352626.03,0.5239,0.6876,72.17,3.5,1
2025-04,Middle East,mid-market,91-180 days,12,2218200.61,0.6492,0.5367,76.79,4.92,8
2025-04,North America,enterprise,181+ days,37,23414953.7,0.637,0.6363,74.57,4.78,24
2025-04,North America,enterprise,31-60 days,2,982078.6,0.4661,0.3912,77.92,7.5,1
2025-04,North America,enterprise,61-90 days,1,406249.52,0.6831,0.4632,84.11,11.0,1
2025-04,North America,enterprise,91-180 days,13,7814118.6,0.6333,0.5871,78.57,4.77,7
2025-05,APAC,commercial,181+ days,45,3070161.6,0.6412,0.5911,75.84,5.44,26
2025-05,APAC,commercial,31-60 days,2,99610.07,0.6174,0.4954,65.31,7.5,2
2025-05,APAC,commercial,91-180 days,8,517699.18,0.6323,0.5863,77.8,3.63,4
2025-05,Africa,commercial,181+ days,36,2292033.36,0.6452,0.5963,76.91,4.97,19
2025-05,Africa,commercial,31-60 days,3,215830.5,0.6764,0.6693,84.17,1.67,1
2025-05,Africa,commercial,61-90 days,4,290520.6,0.6287,0.607,73.86,3.5,2
2025-05,Africa,commercial,91-180 days,9,629819.63,0.6614,0.4461,72.61,5.67,6
2025-05,Europe,mid-market,181+ days,39,7595746.49,0.6478,0.637,77.44,4.15,18
2025-05,Europe,mid-market,31-60 days,2,393718.89,0.6671,0.528,80.91,5.5,1
2025-05,Europe,mid-market,61-90 days,2,440783.42,0.5228,0.6006,84.08,5.5,2
2025-05,Europe,mid-market,91-180 days,13,2416688.3,0.6039,0.5439,75.1,5.46,10
2025-05,LATAM,enterprise,181+ days,30,19262169.22,0.625,0.5815,74.71,4.23,20
2025-05,LATAM,enterprise,31-60 days,6,2854531.55,0.7628,0.5731,73.63,6.0,4
2025-05,LATAM,enterprise,61-90 days,2,1085697.06,0.5375,0.3264,79.43,3.5,2
2025-05,LATAM,enterprise,91-180 days,16,9819438.62,0.7034,0.5409,76.4,6.5,9
2025-05,Middle East,mid-market,181+ days,31,5597634.73,0.6474,0.5855,79.14,4.94,16
2025-05,Middle East,mid-market,31-60 days,2,372833.21,0.6683,0.6889,76.43,5.0,1
2025-05,Middle East,mid-market,61-90 days,4,704930.19,0.6576,0.7348,80.88,3.25,1
2025-05,Middle East,mid-market,91-180 days,14,2758207.83,0.6393,0.5208,75.26,5.36,7
2025-05,North America,enterprise,181+ days,38,24932370.96,0.6251,0.6522,76.16,4.71,19
2025-05,North America,enterprise,31-60 days,1,374939.4,0.4753,0.8351,88.5,1.0,0
2025-05,North America,enterprise,91-180 days,16,9338636.04,0.6266,0.668,78.08,4.25,8
2025-06,APAC,commercial,181+ days,46,3213954.05,0.6273,0.6187,79.44,4.5,26
2025-06,APAC,commercial,91-180 days,12,733261.63,0.6547,0.6117,80.38,4.42,4
2025-06,Africa,commercial,181+ days,41,2601109.96,0.6466,0.6328,76.7,4.49,24
2025-06,Africa,commercial,31-60 days,4,302998.75,0.613,0.5688,84.67,3.25,3
2025-06,Africa,commercial,61-90 days,4,272666.08,0.6278,0.8112,74.23,3.5,2
2025-06,Africa,commercial,91-180 days,6,417282.77,0.6306,0.645,76.5,4.33,2
2025-06,Europe,mid-market,181+ days,41,7891936.3,0.5769,0.5989,76.85,4.54,27
2025-06,Europe,mid-market,31-60 days,2,483124.62,0.4984,0.867,75.51,1.0,1
2025-06,Europe,mid-market,61-90 days,6,1307921.38,0.6284,0.6059,80.0,2.83,3
2025-06,Europe,mid-market,91-180 days,9,1649910.24,0.7341,0.5653,76.1,6.56,6
2025-06,LATAM,enterprise,181+ days,36,22132310.13,0.6759,0.5507,75.16,5.72,25
2025-06,LATAM,enterprise,31-60 days,2,1045118.52,0.6523,0.4918,70.64,7.5,2
2025-06,LATAM,enterprise,61-90 days,5,3335142.16,0.6697,0.6746,83.43,2.2,1
2025-06,LATAM,enterprise,91-180 days,14,8901238.21,0.6199,0.6634,79.36,5.0,6
2025-06,Middle East,mid-market,181+ days,34,5954182.84,0.6097,0.6217,77.88,4.59,20
2025-06,Middle East,mid-market,31-60 days,4,727099.72,0.5331,0.6562,74.88,6.0,3
2025-06,Middle East,mid-market,61-90 days,5,1249742.6,0.7704,0.5639,73.47,4.6,4
2025-06,Middle East,mid-market,91-180 days,12,2227268.44,0.7198,0.4978,76.23,6.25,8
2025-06,North America,enterprise,181+ days,39,26514622.5,0.6372,0.6028,75.8,5.44,23
2025-06,North America,enterprise,61-90 days,5,3580413.71,0.6623,0.5834,73.51,4.4,3
2025-06,North America,enterprise,91-180 days,16,8652393.28,0.6327,0.5858,75.71,4.81,10
2025-07,APAC,commercial,181+ days,45,3249700.65,0.6637,0.6225,78.42,5.49,26
2025-07,APAC,commercial,61-90 days,6,367975.06,0.6233,0.6752,74.7,4.83,2
2025-07,APAC,commercial,91-180 days,9,552012.71,0.5347,0.516,81.09,4.22,6
2025-07,Africa,commercial,181+ days,46,3063803.74,0.6,0.6324,77.47,4.93,27
2025-07,Africa,commercial,31-60 days,4,277965.3,0.4764,0.6043,76.42,7.25,3
2025-07,Africa,commercial,61-90 days,4,367511.18,0.6704,0.6496,76.0,4.0,2
2025-07,Africa,commercial,91-180 days,5,193855.67,0.6062,0.4564,75.52,3.8,4
2025-07,Europe,mid-market,181+ days,41,8152722.58,0.5994,0.6096,77.69,4.8,23
2025-07,Europe,mid-market,31-60 days,6,1358480.7,0.7259,0.5985,78.12,2.5,2
2025-07,Europe,mid-market,61-90 days,4,658250.34,0.6046,0.5894,68.24,8.5,3
2025-07,Europe,mid-market,91-180 days,8,1637929.66,0.6415,0.726,79.09,4.13,2
2025-07,LATAM,enterprise,181+ days,43,25740303.43,0.6602,0.63,76.68,4.33,22
2025-07,LATAM,enterprise,31-60 days,5,3399768.03,0.5827,0.7322,73.75,2.4,3
2025-07,LATAM,enterprise,61-90 days,4,1785066.09,0.7547,0.4278,68.58,8.25,4
2025-07,LATAM,enterprise,91-180 days,10,7449757.72,0.6565,0.5766,77.29,5.6,6
2025-07,Middle East,mid-market,181+ days,43,7693171.51,0.6448,0.6208,77.83,5.05,26
2025-07,Middle East,mid-market,31-60 days,5,1318478.25,0.7276,0.8466,74.57,5.4,2
2025-07,Middle East,mid-market,61-90 days,3,418236.84,0.5587,0.4885,69.62,6.33,2
2025-07,Middle East,mid-market,91-180 days,11,2263773.23,0.6867,0.6812,78.31,3.36,4
2025-07,North America,enterprise,181+ days,44,29524306.9,0.6192,0.5849,77.0,4.77,28
2025-07,North America,enterprise,31-60 days,5,3645587.41,0.6088,0.7002,75.3,3.0,4
2025-07,North America,enterprise,61-90 days,7,3910021.04,0.6492,0.5842,76.49,5.43,6
2025-07,North America,enterprise,91-180 days,8,4204568.34,0.6088,0.6184,73.67,4.75,5
2025-08,APAC,commercial,181+ days,45,3188939.91,0.679,0.6325,75.46,5.0,25
2025-08,APAC,commercial,31-60 days,6,363642.48,0.4688,0.586,81.83,3.17,3
2025-08,APAC,commercial,61-90 days,2,200809.51,0.6242,0.5439,75.1,7.5,2
2025-08,APAC,commercial,91-180 days,12,862443.51,0.6657,0.5281,80.75,6.0,7
2025-08,Africa,commercial,181+ days,51,3319241.75,0.5962,0.5807,77.26,5.1,32
2025-08,Africa,commercial,31-60 days,4,381277.98,0.6582,0.3838,80.06,6.25,3
2025-08,Africa,commercial,61-90 days,1,45147.12,0.3214,0.3659,67.46,5.0,1
2025-08,Africa,commercial,91-180 days,6,311906.22,0.5606,0.5477,78.4,4.33,4
2025-08,Europe,mid-market,181+ days,45,8636249.12,0.633,0.6422,78.3,4.27,22
2025-08,Europe,mid-market,31-60 days,4,673689.87,0.5853,0.4447,77.35,7.0,4
2025-08,Europe,mid-market,61-90 days,3,553847.11,0.6848,0.66,80.62,4.67,0
2025-08,Europe,mid-market,91-180 days,11,3058020.49,0.6799,0.6457,79.64,4.82,5
2025-08,LATAM,enterprise,181+ days,45,26390623.16,0.6603,0.6455,75.06,4.42,23
2025-08,LATAM,enterprise,31-60 days,4,1783580.16,0.7012,0.5926,76.31,4.5,1
2025-08,LATAM,enterprise,61-90 days,6,5101124.44,0.5999,0.4866,75.25,5.0,3
2025-08,LATAM,enterprise,91-180 days,9,7661951.33,0.735,0.6714,76.08,4.33,5
2025-08,Middle East,mid-market,181+ days,47,8883629.14,0.6413,0.6072,77.37,5.17,25
2025-08,Middle East,mid-market,31-60 days,3,423970.61,0.5792,0.6926,84.28,1.33,1
2025-08,Middle East,mid-market,61-90 days,6,1305575.53,0.6577,0.5362,79.68,4.33,3
2025-08,Middle East,mid-market,91-180 days,8,1792099.93,0.5976,0.5501,76.48,4.5,6
2025-08,North America,enterprise,181+ days,44,28506447.03,0.6137,0.6199,75.74,5.32,28
2025-08,North America,enterprise,31-60 days,7,3936475.49,0.6368,0.5681,73.97,6.57,5
2025-08,North America,enterprise,61-90 days,2,968791.7,0.6528,0.5832,78.52,3.0,1
2025-08,North America,enterprise,91-180 days,12,9725835.78,0.6191,0.6242,77.89,3.5,6
2025-09,APAC,commercial,181+ days,46,3424390.3,0.6044,0.5852,76.88,5.74,33
2025-09,APAC,commercial,31-60 days,2,223139.46,0.809,0.7369,84.28,1.0,0
2025-09,APAC,commercial,61-90 days,4,231151.25,0.5407,0.5147,82.59,8.0,4
2025-09,APAC,commercial,91-180 days,13,843712.1,0.5524,0.643,78.27,5.31,7
2025-09,Africa,commercial,181+ days,47,3290669.59,0.6381,0.5933,76.15,5.0,24
2025-09,Africa,commercial,31-60 days,1,44556.1,0.8077,0.6935,81.43,7.0,0
2025-09,Africa,commercial,61-90 days,1,30588.39,0.3939,0.6135,88.78,1.0,1
2025-09,Africa,commercial,91-180 days,10,640053.76,0.6108,0.7823,75.86,3.2,3
2025-09,Europe,mid-market,181+ days,43,8670481.57,0.6268,0.6369,74.65,4.26,26
2025-09,Europe,mid-market,31-60 days,3,547085.14,0.5375,0.6637,79.92,5.67,1
2025-09,Europe,mid-market,61-90 days,2,582721.82,0.7259,0.5511,77.52,9.5,2
2025-09,Europe,mid-market,91-180 days,14,3511384.6,0.6596,0.5802,74.48,5.93,10
2025-09,LATAM,enterprise,181+ days,43,25738566.21,0.6294,0.607,78.17,5.26,25
2025-09,LATAM,enterprise,31-60 days,6,5559075.4,0.6365,0.5831,78.34,4.83,3
2025-09,LATAM,enterprise,61-90 days,3,2278053.69,0.6267,0.5631,71.35,4.67,2
2025-09,LATAM,enterprise,91-180 days,11,7842851.7,0.6577,0.6726,76.04,4.82,6
2025-09,Middle East,mid-market,181+ days,43,8601852.76,0.6495,0.5775,76.03,4.35,25
2025-09,Middle East,mid-market,31-60 days,6,1391774.99,0.6171,0.4539,74.71,5.33,5
2025-09,Middle East,mid-market,61-90 days,3,761795.35,0.7316,0.5511,84.35,4.67,1
2025-09,Middle East,mid-market,91-180 days,12,2126818.22,0.6714,0.6894,77.61,4.17,5
2025-09,North America,enterprise,181+ days,45,27473961.97,0.6405,0.6349,77.97,4.38,22
2025-09,North America,enterprise,31-60 days,2,959029.53,0.7883,0.3899,78.56,5.5,1
2025-09,North America,enterprise,61-90 days,4,2821538.65,0.6152,0.7686,79.62,2.75,2
2025-09,North America,enterprise,91-180 days,14,13069380.52,0.673,0.6401,77.98,4.93,7
2025-10,APAC,commercial,181+ days,39,3098206.2,0.6093,0.6259,75.61,4.51,22
2025-10,APAC,commercial,31-60 days,4,238147.75,0.5974,0.6026,77.92,5.0,2
2025-10,APAC,commercial,61-90 days,3,168516.59,0.4434,0.6011,80.8,6.33,3
2025-10,APAC,commercial,91-180 days,19,1395216.72,0.5865,0.612,75.22,4.0,13
2025-10,Africa,commercial,181+ days,42,3052526.03,0.5833,0.6546,81.18,4.4,20
2025-10,Africa,commercial,31-60 days,1,32702.2,0.3462,0.4929,75.58,3.0,1
2025-10,Africa,commercial,61-90 days,2,93495.25,0.4248,0.5037,69.8,9.5,2
2025-10,Africa,commercial,91-180 days,13,935944.69,0.6132,0.6352,75.01,4.85,10
2025-10,Europe,mid-market,181+ days,38,7130495.7,0.6509,0.6149,77.96,4.53,19
2025-10,Europe,mid-market,31-60 days,2,595635.46,0.7872,0.3624,76.32,5.5,2
2025-10,Europe,mid-market,61-90 days,3,736433.44,0.6354,0.5428,73.01,7.0,3
2025-10,Europe,mid-market,91-180 days,18,5102657.5,0.5207,0.6869,77.31,4.11,9
2025-10,LATAM,enterprise,181+ days,44,28544959.43,0.6573,0.5649,77.31,5.66,32
2025-10,LATAM,enterprise,31-60 days,3,2197941.4,0.6927,0.6698,75.37,4.67,2
2025-10,LATAM,enterprise,61-90 days,1,398996.48,0.4154,0.7208,66.25,4.0,1
2025-10,LATAM,enterprise,91-180 days,13,10997710.87,0.5694,0.6423,77.57,2.92,8
2025-10,Middle East,mid-market,181+ days,42,9047246.08,0.6992,0.662,76.74,4.86,21
2025-10,Middle East,mid-market,31-60 days,3,802124.97,0.5972,0.4873,71.64,7.33,2
2025-10,Middle East,mid-market,61-90 days,2,455256.33,0.7515,0.754,64.34,5.0,2
2025-10,Middle East,mid-market,91-180 days,17,3062784.62,0.6506,0.5288,77.46,5.82,12
2025-10,North America,enterprise,181+ days,40,24689217.05,0.6177,0.6061,77.5,4.25,24
2025-10,North America,enterprise,31-60 days,4,2962362.82,0.6578,0.6704,82.56,4.0,0
2025-10,North America,enterprise,91-180 days,21,18346148.72,0.6103,0.5912,78.86,5.1,11
2025-11,APAC,commercial,181+ days,33,2390335.68,0.6189,0.604,77.6,5.0,21
2025-11,APAC,commercial,31-60 days,3,176722.35,0.4724,0.6857,75.37,4.67,2
2025-11,APAC,commercial,61-90 days,5,549871.18,0.7021,0.6597,70.12,6.6,5
2025-11,APAC,commercial,91-180 days,24,1980445.53,0.622,0.6168,77.55,4.29,12
2025-11,Africa,commercial,181+ days,36,2470962.78,0.6392,0.6022,76.97,4.69,24
2025-11,Africa,commercial,31-60 days,2,100094.75,0.8538,0.7503,83.78,7.5,1
2025-11,Africa,commercial,61-90 days,2,175228.39,0.6093,0.8486,82.2,1.0,1
2025-11,Africa,commercial,91-180 days,17,1447001.28,0.5759,0.563,77.5,4.82,12
2025-11,Europe,mid-market,181+ days,34,7070915.89,0.6447,0.5427,78.7,5.94,18
2025-11,Europe,mid-market,31-60 days,3,751969.9,0.5929,0.6254,77.39,3.0,1
2025-11,Europe,mid-market,61-90 days,5,1920133.33,0.6083,0.5902,74.13,3.0,3
2025-11,Europe,mid-market,91-180 days,19,4369327.69,0.6743,0.5357,75.07,6.26,12
2025-11,LATAM,enterprise,181+ days,42,29114205.55,0.6682,0.5827,76.52,5.02,23
2025-11,LATAM,enterprise,31-60 days,1,368815.34,0.4818,0.8899,71.0,3.0,1
2025-11,LATAM,enterprise,61-90 days,4,4539811.36,0.6922,0.5884,68.15,7.75,2
2025-11,LATAM,enterprise,91-180 days,12,9017320.32,0.6048,0.5269,73.39,6.17,8
2025-11,Middle East,mid-market,181+ days,42,9657527.74,0.6171,0.6494,79.06,4.02,21
2025-11,Middle East,mid-market,31-60 days,2,461787.72,0.685,0.3688,72.68,8.0,1
2025-11,Middle East,mid-market,61-90 days,3,755017.6,0.614,0.4905,62.51,9.0,3
2025-11,Middle East,mid-market,91-180 days,17,2985586.19,0.6239,0.6429,78.35,4.82,8
2025-11,North America,enterprise,181+ days,36,22568292.97,0.6515,0.5796,73.68,4.97,27
2025-11,North America,enterprise,61-90 days,8,7394124.7,0.6414,0.5699,78.27,5.63,6
2025-11,North America,enterprise,91-180 days,21,17648051.55,0.6309,0.5685,79.75,3.76,9
2025-12,APAC,commercial,181+ days,27,1685048.0,0.5973,0.5643,75.37,5.56,20
2025-12,APAC,commercial,31-60 days,4,464877.67,0.4929,0.6813,78.56,4.25,2
2025-12,APAC,commercial,61-90 days,5,216928.7,0.6806,0.4773,70.6,7.8,4
2025-12,APAC,commercial,91-180 days,28,2778926.75,0.6263,0.6134,78.82,3.89,14
2025-12,Africa,commercial,181+ days,29,2081636.18,0.5924,0.5747,76.71,5.59,22
2025-12,Africa,commercial,31-60 days,2,185987.82,0.8061,0.7663,75.17,4.5,1
2025-12,Africa,commercial,61-90 days,6,389925.64,0.5731,0.6101,74.51,5.33,5
2025-12,Africa,commercial,91-180 days,20,1694114.59,0.5796,0.5423,73.39,6.95,16
2025-12,Europe,mid-market,181+ days,31,7186088.12,0.6598,0.6522,78.38,4.1,15
2025-12,Europe,mid-market,31-60 days,5,2037116.67,0.6604,0.666,76.39,5.8,3
2025-12,Europe,mid-market,61-90 days,4,744157.54,0.7143,0.7075,76.97,5.5,2
2025-12,Europe,mid-market,91-180 days,20,4573384.68,0.6193,0.5995,80.48,4.45,11
2025-12,LATAM,enterprise,181+ days,36,25744280.86,0.6236,0.6184,76.99,5.31,23
2025-12,LATAM,enterprise,31-60 days,4,4968619.36,0.6652,0.5803,75.92,3.75,1
2025-12,LATAM,enterprise,61-90 days,5,2972799.99,0.6274,0.6983,73.71,6.2,3
2025-12,LATAM,enterprise,91-180 days,14,11311948.54,0.6769,0.5086,76.06,5.14,8
2025-12,Middle East,mid-market,181+ days,39,8838102.44,0.6609,0.5854,76.87,4.85,26
2025-12,Middle East,mid-market,31-60 days,3,782975.35,0.4492,0.3651,71.58,9.0,3
2025-12,Middle East,mid-market,61-90 days,7,1090761.65,0.7375,0.649,77.51,4.57,3
2025-12,Middle East,mid-market,91-180 days,15,3660440.03,0.6273,0.5878,76.17,5.2,10
2025-12,North America,enterprise,181+ days,33,21517453.02,0.6237,0.5632,77.42,5.79,23
2025-12,North America,enterprise,31-60 days,8,7670253.02,0.5659,0.642,78.41,3.63,5
2025-12,North America,enterprise,61-90 days,6,6629419.64,0.5247,0.6306,75.62,4.83,3
2025-12,North America,enterprise,91-180 days,18,13661098.57,0.6729,0.5315,76.86,5.61,12
